comment,platform
"Barang dah sampai, terbaik!",shopee
"Good product quality, fast delivery.",lazada
"Lambat sampai, seller tak reply chat.",shopee
"Love this product! Will repeat order.",tiktok
"Barang tak function, macam mana nak return?",lazada
"Penghantaran pantas, pembungkusan kemas.",shopee
"Not what I expected, the quality is poor.",lazada
"Sangat berpuas hati, tq seller!",tiktok
"Seller peramah, layan customer dengan baik.",shopee
"Why is the shipping so expensive?",lazada
"Produk original, harga berpatutan.",tiktok
"Dah 2 minggu barang tak sampai-sampai.",shopee
"Item received in good condition.",lazada
"Tak best langsung, menyesal beli.",tiktok
"Customer service very helpful.",shopee
"Packaging could be better, a bit dented.",lazada
"Will recommend to my friends.",tiktok
"Kenapa order saya kena cancel?",shopee
"Fast response from seller.",lazada
"Barang best, ngam dengan saya.",tiktok
"Lain kali beli lagi kat sini.",shopee
"The color is a bit different from the picture.",lazada
"Suka sangat dengan produk ni!",tiktok
"Seller tipu, barang tak ori.",shopee
"Good value for money.",lazada
"Kualiti produk teruk, jangan beli.",tiktok
"Penghantaran laju, seller pun laju reply.",shopee
"Item well-packed, no damage.",lazada
"Berbaloi dengan harga, tq.",tiktok
"Kenapa takde free shipping?",shopee
"The material is not good.",lazada
"Sangat recommended, 5 bintang!",tiktok
"Seller tak jujur, bagi barang lain.",shopee
"Received with thanks.",lazada
"Tak suka, tak macam dalam gambar.",tiktok
"Penghantaran cepat, barang pun ok.",shopee
"The size is smaller than I thought.",lazada
"Produk mantap, servis pun mantap.",tiktok
"Order salah, macam mana nak tukar?",shopee
"Good communication with seller.",lazada
"Barang cun, harga pun cun.",tiktok
"Seller slow respond, 3 hari baru reply.",shopee
"The product is not working properly.",lazada
"Sangat suka, akan beli lagi.",tiktok
"Kenapa penghantaran lambat sangat?",shopee
"Item as described, happy with my purchase.",lazada
"Kualiti bagus, harga pun murah.",tiktok
"Seller tak bagi free gift pun.",shopee
"The packaging is very secure.",lazada
"Produk best, servis pun laju.",tiktok
